{
  "info": {
    "use": "1"
  },
  "data": [{
    "title": "\uc5d8\ub9ac\uc6d0 \uc194\ub77c",
    "content": "\uc5d8\ub9ac\uc6d0 \uc194\ub77c",
    "name": "elionesolar",
    "url": "http:\/\/www.elionesolar.com\/",
    "image": "http:\/\/mimg.koreatimes.com\/400\/600\/manage\/ad\/images\/town\/1627430508_town_image_2.jpg",
    "thumbnail": "http:\/\/mimg.koreatimes.com\/250\/100\/manage\/ad\/images\/town\/1627430656_town_thumbnail_2.jpg",
    "info1": "MD00002509",
    "info2": "8z56yXb5k-I",
    "comment_total": 7952
  }, {
    "title": "\uce74\uc774\ub85c\ud504\ub808\ud2f1",
    "content": "\uce74\uc774\ub85c\ud504\ub808\ud2f1",
    "name": "chiro",
    "url": "https:\/\/www.wilshirecenterchiro.com\/",
    "image": "http:\/\/mimg.koreatimes.com\/400\/600\/manage\/ad\/images\/town\/1628704175_town_image_18.jpg",
    "thumbnail": "http:\/\/mimg.koreatimes.com\/250\/100\/manage\/ad\/images\/town\/1632241156_town_thumbnail_2.jpg",
    "info1": "MD00002516",
    "info2": "l570Wb5mgKg",
    "comment_total": 7952
  }, {
    "title": "\ud1a0\ud1a0\ube44\ub370",
    "content": "\ud1a0\ud1a0\ube44\ub370",
    "name": "totousa",
    "url": "https:\/\/www.totousa.com\/",
    "image": "http:\/\/mimg.koreatimes.com\/400\/600\/manage\/ad\/images\/town\/1622695632_town_image_10.jpg",
    "thumbnail": "http:\/\/mimg.koreatimes.com\/250\/100\/manage\/ad\/images\/town\/1631922300_town_thumbnail_5.jpg",
    "info1": "MD00002824",
    "info2": "u6Lr-67P7CQ",
    "comment_total": 7952
  }, {
    "title": "\ud37c\uc2dc\ud53d \ub300\ud559\uad50 (\ubc95\ubb34\uc0ac\uacfc\uc815)",
    "content": "\ud37c\uc2dc\ud53d \ub300\ud559\uad50 (\ubc95\ubb34\uc0ac\uacfc\uc815)",
    "name": "interpacu",
    "url": "http:\/\/interpacu.com\/",
    "image": "http:\/\/mimg.koreatimes.com\/400\/600\/manage\/ad\/images\/town\/1622695632_town_image_4.jpg",
    "thumbnail": "http:\/\/mimg.koreatimes.com\/500\/200\/manage\/ad\/images\/town\/1627424187_town_thumbnail_1.jpg",
    "info1": "MD00002388",
    "info2": "0TUfCbzoGsU",
    "comment_total": 7952
  }, {
    "title": "\uc544\ub9ac\uc218",
    "content": "Arisu Korean BBQ",
    "name": "arisu",
    "url": "https:\/\/www.yelp.com\/biz\/arisu-korean-bbq-buena-park-2",
    "image": "http:\/\/mimg.koreatimes.com\/400\/600\/manage\/ad\/images\/town\/1623186890_town_image_10.jpg",
    "thumbnail": "http:\/\/mimg.koreatimes.com\/500\/200\/manage\/ad\/images\/town\/1627424324_town_thumbnail_8.jpg",
    "info1": "MD00002582",
    "info2": "HSF5qzbGu64",
    "comment_total": 7952
  }, {
    "title": "DENTWAY",
    "content": "DENTWAY, INC.",
    "name": "dentway",
    "url": "https:\/\/dentwayinc.com\/",
    "image": "http:\/\/mimg.koreatimes.com\/400\/600\/manage\/ad\/images\/town\/1628703842_town_image_8.jpg",
    "thumbnail": "http:\/\/mimg.koreatimes.com\/250\/100\/manage\/ad\/images\/town\/1631922300_town_thumbnail_8.jpg",
    "info1": "MD00002949",
    "info2": "WHAQEKmm01I",
    "comment_total": 7952
  }, {
    "title": "LA DENTAL",
    "content": "L.A\uc0ac\ub791 \uce58\uacfc",
    "name": "lalovedental",
    "url": "https:\/\/www.ktown1st.com\/yp\/detail\/106776",
    "image": "http:\/\/mimg.koreatimes.com\/400\/600\/manage\/ad\/images\/town\/1623883079_town_image_15.jpg",
    "thumbnail": "http:\/\/mimg.koreatimes.com\/250\/100\/manage\/ad\/images\/town\/1632163396_town_thumbnail_13.jpg",
    "info1": "MD00003377",
    "info2": "yrR2D9gGn2g",
    "comment_total": 7952
  }, {
    "title": "\uc218\ub77c\uc6d0 \uc21c\ub450\ubd80",
    "content": "\uc218\ub77c\uc6d0 \uc21c\ub450\ubd80",
    "name": "soorawon",
    "url": "https:\/\/www.tvhankook.com\/town\/play\/?vod_id=MD00003037",
    "image": "http:\/\/mimg.koreatimes.com\/400\/600\/manage\/ad\/images\/town\/1631922188_town_image_0.jpg",
    "thumbnail": "http:\/\/mimg.koreatimes.com\/250\/100\/manage\/ad\/images\/town\/1631922188_town_thumbnail_0.jpg",
    "info1": "MD00003037",
    "info2": "uUOggkCiLl8",
    "comment_total": 7952
  }, {
    "title": "LAW ANGELES",
    "content": "LAW ANGELES",
    "name": "lawangeles",
    "url": "https:\/\/www.ktown1st.com\/yp\/detail\/106774",
    "image": "http:\/\/mimg.koreatimes.com\/400\/600\/manage\/ad\/images\/town\/1623883079_town_image_12.jpg",
    "thumbnail": "http:\/\/mimg.koreatimes.com\/250\/100\/manage\/ad\/images\/town\/1631922300_town_thumbnail_10.jpg",
    "info1": "MD00003209",
    "info2": "j2vzI_9ydw8",
    "comment_total": 7952
  }, {
    "title": "\ubd88\ub780\uc11c \uc548\uacbd",
    "content": "\ubd88\ub780\uc11c \uc548\uacbd",
    "name": "france",
    "url": "https:\/\/www.ktown1st.com\/yp\/detail\/67653",
    "image": "http:\/\/mimg.koreatimes.com\/400\/600\/manage\/ad\/images\/town\/1628703915_town_image_19.jpg",
    "thumbnail": "http:\/\/mimg.koreatimes.com\/250\/100\/manage\/ad\/images\/town\/1631922300_town_thumbnail_14.jpg",
    "info1": "MD00003038",
    "info2": "lACCVnPtV3U",
    "comment_total": 7952
  }, {
    "title": "\uc62c\ub9bc\ud53d \uace8\ud504",
    "content": "\uc62c\ub9bc\ud53d \uace8\ud504",
    "name": "olympic",
    "url": "https:\/\/www.ktown1st.com\/yp\/detail\/69025",
    "image": "http:\/\/mimg.koreatimes.com\/400\/600\/manage\/ad\/images\/town\/1625075230_town_image_19.jpg",
    "thumbnail": "http:\/\/mimg.koreatimes.com\/250\/100\/manage\/ad\/images\/town\/1632170269_town_thumbnail_14.jpg",
    "info1": "MD00002946",
    "info2": "CYCHitivsIU",
    "comment_total": 7952
  }, {
    "title": "\uad7f\ub124\uc774\ubc84\uc2a4",
    "content": "\uad7f\ub124\uc774\ubc84\uc2a4",
    "name": "goodneighbors",
    "url": "https:\/\/www.goodneighbors.kr\/index.gn?m=y",
    "image": "http:\/\/mimg.koreatimes.com\/400\/600\/manage\/ad\/images\/town\/1625086831_town_image_21.jpg",
    "thumbnail": "http:\/\/mimg.koreatimes.com\/250\/100\/manage\/ad\/images\/town\/1631922300_town_thumbnail_16.jpg",
    "info1": "MD00002841",
    "info2": "bzh1WJm7__E",
    "comment_total": 7952
  }, {
    "title": "\ud2f0\ub098\ud584",
    "content": "\ubbf8\ub4dc \uc70c\uc154 \ud5ec\uc2a4\uc13c\ud130",
    "name": "tinahahm",
    "url": "https:\/\/www.midwilshirehealth.com\/",
    "image": "http:\/\/mimg.koreatimes.com\/400\/600\/manage\/ad\/images\/town\/1632164408_town_image_17.jpg",
    "thumbnail": "http:\/\/mimg.koreatimes.com\/250\/100\/manage\/ad\/images\/town\/1632163396_town_thumbnail_17.jpg",
    "info1": "MD00003171",
    "info2": "SBqOJtv54wQ",
    "comment_total": 7952
  }, {
    "title": "\uc13c\uce04\ub9ac \uc2a4\ud30c",
    "name": "centuryspa",
    "url": "https:\/\/centurydayandnightspa.com\/",
    "image": "http:\/\/mimg.koreatimes.com\/400\/600\/manage\/ad\/images\/town\/1630619679_town_image_22.jpg",
    "thumbnail": "http:\/\/mimg.koreatimes.com\/250\/100\/manage\/ad\/images\/town\/1632160513_town_thumbnail_18.jpg",
    "info1": "MD00003167",
    "info2": "LPbjcd-IkU4",
    "comment_total": 7952
  }, {
    "title": "\uc2a4\ud0ec\uc2a4 \ud1b5\uc99d \ubcd1\uc6d0",
    "content": "\uc2a4\ud15c\uc2a4 \ud1b5\uc99d \ubcd1\uc6d0",
    "name": "stems",
    "url": "https:\/\/www.stemsclinic.com\/",
    "image": "http:\/\/mimg.koreatimes.com\/400\/600\/manage\/ad\/images\/town\/1631559255_town_image_19.jpg",
    "thumbnail": "http:\/\/mimg.koreatimes.com\/250\/100\/manage\/ad\/images\/town\/1632163396_town_thumbnail_19.jpg",
    "info1": "MD00003168",
    "info2": "YUWXEwN2br0",
    "comment_total": 7952
  }, {
    "title": "\ud1a0\ud0c8\uce74",
    "content": "\ud1a0\ud0c8\ub4dc \uce74",
    "name": "totaled",
    "url": "https:\/\/www.ktown1st.com\/yp\/detail\/107010",
    "image": "http:\/\/mimg.koreatimes.com\/400\/600\/manage\/ad\/images\/town\/1632164408_town_image_20.jpg",
    "thumbnail": "http:\/\/mimg.koreatimes.com\/250\/100\/manage\/ad\/images\/town\/1632160513_town_thumbnail_20.jpg",
    "info1": "MD00003170",
    "info2": "kwgIfJKSU1o",
    "comment_total": 7952
  }, {
    "title": "\ub9c8\uc824",
    "content": "\ub9c8\uc824 \ucee4\ud53c",
    "name": "mazel",
    "url": "https:\/\/www.ktown1st.com\/yp\/detail\/107011",
    "image": "http:\/\/mimg.koreatimes.com\/400\/600\/manage\/ad\/images\/town\/1630624775_town_image_25.jpg",
    "thumbnail": "http:\/\/mimg.koreatimes.com\/250\/100\/manage\/ad\/images\/town\/1632160513_town_thumbnail_21.jpg",
    "info1": "MD00003419",
    "info2": "QwxT_UmKsaI",
    "comment_total": 7952
  }, {
    "title": "\uc564\ub4dc\ub958 \ucd5c",
    "content": "\uc564\ub4dc\ub958 \ucd5c",
    "name": "andrew",
    "url": "https:\/\/www.ktown1st.com\/yp\/detail\/106969",
    "image": "http:\/\/mimg.koreatimes.com\/400\/600\/manage\/ad\/images\/town\/1631559255_town_image_22.jpg",
    "thumbnail": "http:\/\/mimg.koreatimes.com\/250\/100\/manage\/ad\/images\/town\/1632160513_town_thumbnail_22.jpg",
    "info1": "MD00003107",
    "info2": "iDWK46R7O_g",
    "comment_total": 7952
  }, {
    "title": "\uace0\uad6d\ubc30\uc1a1",
    "content": "\ud55c\uad6d \ud648\uc1fc\ud551 \uace0\uad6d\ubc30\uc1a1",
    "name": "homeland",
    "url": "https:\/\/shop.koreatimes.com\/try_chosungah-00001.html",
    "image": "http:\/\/mimg.koreatimes.com\/400\/600\/manage\/ad\/images\/town\/1632420452_town_image_24.jpg",
    "thumbnail": "http:\/\/mimg.koreatimes.com\/250\/100\/manage\/ad\/images\/town\/1641929029_town_thumbnail_18.jpg",
    "comment_total": 0
  }, {
    "title": "\uc218\ud654\uc5f0",
    "name": "soohwayun",
    "url": "https:\/\/shop.koreatimes.com\/try_soohwayun-00001.html",
    "image": "http:\/\/mimg.koreatimes.com\/400\/600\/manage\/ad\/images\/town\/1641929029_town_image_19.jpg",
    "thumbnail": "http:\/\/mimg.koreatimes.com\/250\/100\/manage\/ad\/images\/town\/1632420452_town_thumbnail_25.jpg",
    "comment_total": 0
  }, {
    "title": "\ud64d\uc5f0",
    "name": "hong",
    "url": "https:\/\/www.ktown1st.com\/yp\/detail\/107068",
    "image": "http:\/\/mimg.koreatimes.com\/400\/600\/manage\/ad\/images\/town\/1633037310_town_image_26.jpg",
    "thumbnail": "http:\/\/mimg.koreatimes.com\/250\/100\/manage\/ad\/images\/town\/1633119411_town_thumbnail_26.jpg",
    "info1": "MD00003288",
    "info2": "LW81ONUSEkU",
    "comment_total": 7952
  }, {
    "title": "\ud504\ub77c\uc784 \uc885\ud569 \ubcf4\ud5d8",
    "content": "\ud504\ub77c\uc784\ub77c\uc778 \uc885\ud569\ubcf4\ud5d8",
    "name": "prime",
    "url": "https:\/\/www.ktown1st.com\/yp\/detail\/68127",
    "image": "http:\/\/mimg.koreatimes.com\/400\/600\/manage\/ad\/images\/town\/1634667075_town_image_27.jpg",
    "thumbnail": "http:\/\/mimg.koreatimes.com\/250\/100\/manage\/ad\/images\/town\/1634667063_town_thumbnail_27.jpg",
    "info1": "MD00003210",
    "info2": "OiHje-QZ_pw",
    "comment_total": 7952
  }, {
    "title": "\ub561\ud050",
    "content": "\ub561\ud050 \uce58\uacfc",
    "name": "thankyou",
    "url": "https:\/\/www.ktown1st.com\/yp\/detail\/101927",
    "image": "http:\/\/mimg.koreatimes.com\/400\/600\/manage\/ad\/images\/town\/1639680213_town_image_24.png",
    "thumbnail": "http:\/\/mimg.koreatimes.com\/250\/100\/manage\/ad\/images\/town\/1636481579_town_thumbnail_28.jpg",
    "comment_total": 0
  }, {
    "title": "\uc2a4\ub9c8\ud2b8\ubcf4\ud5d8",
    "content": "\uc2a4\ub9c8\ud2b8\ubcf4\ud5d8",
    "name": "smart",
    "url": "https:\/\/ismartone.net\/",
    "image": "http:\/\/mimg.koreatimes.com\/400\/600\/manage\/ad\/images\/town\/1639680213_town_image_25.png",
    "thumbnail": "http:\/\/mimg.koreatimes.com\/250\/100\/manage\/ad\/images\/town\/1636481579_town_thumbnail_30.jpg",
    "info1": "MD00003346",
    "info2": "AUSGh6FK5ww",
    "comment_total": 7952
  }, {
    "title": "\uc77c\uc6d4",
    "content": "\uc77c\uc6d4",
    "name": "ilwoul",
    "url": "https:\/\/ilwoulusa.com\/en\/home-en\/",
    "image": "http:\/\/mimg.koreatimes.com\/400\/600\/manage\/ad\/images\/town\/1638554538_town_image_27.png",
    "thumbnail": "http:\/\/mimg.koreatimes.com\/250\/100\/manage\/ad\/images\/town\/1636481579_town_thumbnail_31.jpg",
    "info1": "MD00003366",
    "info2": "9yfvr-l52OI",
    "comment_total": 7952
  }, {
    "title": "\ud55c\uad6dTV",
    "content": "\ud55c\uad6dTV",
    "name": "hktv",
    "url": "https:\/\/www.tvhankook.com\/",
    "image": "http:\/\/mimg.koreatimes.com\/400\/600\/manage\/ad\/images\/town\/1641929029_town_image_26.jpg",
    "thumbnail": "http:\/\/mimg.koreatimes.com\/250\/100\/manage\/ad\/images\/town\/1636481579_town_thumbnail_32.jpg",
    "comment_total": 0
  }, {
    "title": "\ud55c\uad6d\ud648\uc1fc\ud551",
    "content": "\ud55c\uad6d \ud648\uc1fc\ud551",
    "name": "hkshopping",
    "url": "https:\/\/shop.koreatimes.com\/",
    "image": "http:\/\/mimg.koreatimes.com\/400\/600\/manage\/ad\/images\/town\/1641840683_town_image_28.png",
    "thumbnail": "http:\/\/mimg.koreatimes.com\/250\/100\/manage\/ad\/images\/town\/1636481579_town_thumbnail_33.jpg",
    "comment_total": 0
  }, {
    "title": "\uc54c\ub809\uc2a4 \ubcc0\ud638\uc0ac",
    "content": "\uc54c\ub809\uc2a4 \ucc28 \ubcc0\ud638\uc0ac \uadf8\ub8f9",
    "name": "alex",
    "url": "http:\/\/www.alexchalaw.com",
    "image": "http:\/\/mimg.koreatimes.com\/400\/600\/manage\/ad\/images\/town\/1637348384_town_image_30.jpg",
    "thumbnail": "http:\/\/mimg.koreatimes.com\/250\/100\/manage\/ad\/images\/town\/1636746102_town_thumbnail_30.jpg",
    "info1": "MD00003387",
    "info2": "R7lGGJJfD4w",
    "comment_total": 7952
  }, {
    "title": "\uc368\ub2c8\uc0ac\uc774\ub4dc",
    "content": "\uc368\ub2c8\uc0ac\uc774\ub4dc \uc7a5\uc758\uc0ac",
    "name": "sunny",
    "url": "https:\/\/sunnysidecremation.com\/",
    "image": "http:\/\/mimg.koreatimes.com\/400\/600\/manage\/ad\/images\/town\/1639680213_town_image_30.png",
    "thumbnail": "http:\/\/mimg.koreatimes.com\/250\/100\/manage\/ad\/images\/town\/1636746102_town_thumbnail_31.jpg",
    "info1": "MD00003363",
    "info2": "wBF4yYcxsbQ",
    "comment_total": 7952
  }, {
    "title": "\uc775\uc2a4\ud504\ub808\uc2a4",
    "content": "\uc775\uc2a4\ud504\ub808\uc2a4 \ub098\uc774\ud2b8 \ud074\ub7fd",
    "name": "Xpress",
    "image": "http:\/\/mimg.koreatimes.com\/400\/600\/manage\/ad\/images\/town\/1637348384_town_image_32.jpg",
    "thumbnail": "http:\/\/mimg.koreatimes.com\/250\/100\/manage\/ad\/images\/town\/1637344167_town_thumbnail_32.jpg",
    "info1": "MD00003316",
    "info2": "7KEy0CKUYa4",
    "comment_total": 7952
  }, {
    "title": "\uc624\ub85c\ub2c8\uc544",
    "name": "oronia",
    "url": "https:\/\/oroniausa.com\/",
    "image": "http:\/\/mimg.koreatimes.com\/400\/600\/manage\/ad\/images\/town\/1641577981_town_image_32.png",
    "thumbnail": "http:\/\/mimg.koreatimes.com\/250\/100\/manage\/ad\/images\/town\/1641840683_town_thumbnail_32.jpg",
    "info2": "0RX3_Pv-N7k",
    "comment_total": 0
  }, {
    "title": "\ub7a8\ud0c0\uc774\uc5b4",
    "content": "\ub7a8\ud0c0\uc774\uc5b4",
    "name": "ramtire",
    "url": "https:\/\/www.ktown1st.com\/yp\/detail\/107208",
    "image": "http:\/\/mimg.koreatimes.com\/400\/600\/manage\/ad\/images\/town\/1641840873_town_image_33.png",
    "thumbnail": "http:\/\/mimg.koreatimes.com\/250\/100\/manage\/ad\/images\/town\/1639762952_town_thumbnail_33.jpg",
    "info1": "MD00003418",
    "info2": "Ix9s0QZZ6qg",
    "comment_total": 7952
  }, {
    "title": "\uc6b0\ub4dc\ub9e8",
    "content": "\uc6b0\ub4dc\ub9e8",
    "name": "woodmen",
    "url": "http:\/\/www.woodmenlife.org\/RSM\/KennyKim\/",
    "image": "http:\/\/mimg.koreatimes.com\/400\/600\/manage\/ad\/images\/town\/1641840873_town_image_34.png",
    "thumbnail": "http:\/\/mimg.koreatimes.com\/250\/100\/manage\/ad\/images\/town\/1639762985_town_thumbnail_34.jpg",
    "info1": "MD00003417",
    "info2": "DPo9WKfEJXQ",
    "comment_total": 7952
  }, {
    "title": "\uc81c\uc77c\uc870\uc544",
    "content": "\uc81c\uc77c\uc870\uc544",
    "name": "jailjoa",
    "url": "https:\/\/www.ktown1st.com\/yp\/detail\/107219",
    "thumbnail": "http:\/\/mimg.koreatimes.com\/250\/100\/manage\/ad\/images\/town\/1641841398_town_thumbnail_35.jpg",
    "comment_total": 0
  }, {
    "title": "\ucf54\ub85c\ub098 \ud14c\uc2a4\ud2b8",
    "content": "\ucf54\ub85c\ub098 \ud14c\uc2a4\ud2b8",
    "name": "coronatest",
    "thumbnail": "http:\/\/mimg.koreatimes.com\/250\/100\/manage\/ad\/images\/town\/1642096102_town_thumbnail_34.jpg",
    "info1": "MD00003447",
    "info2": "E2Vr0O142dU",
    "comment_total": 7952
  }]
}